home,score,away,year
Uruguay ,4:0 (1:0), Chile,1916
,,,1916
Argentina ,6:1 (1:1), Chile,1916
,,,1916
Chile ,1:1 (0:1), Brasil,1916
,,,1916
Argentina ,1:1 (1:1), Brasil,1916
,,,1916
Uruguay ,2:1 (0:1), Brasil,1916
,,,1916
Argentina ,0:0, Uruguay,1916
,,,1916
Uruguay ,4:0 (2:0), Chile,1917
,,,1917
Argentina ,4:2 (1:2), Brasil,1917
,,,1917
Argentina ,1:0 (0:0), Chile,1917
,,,1917
Uruguay ,4:0 (2:0), Brasil,1917
,,,1917
Brasil ,5:0 (4:0), Chile,1917
,,,1917
Uruguay ,1:0 (0:0), Argentina,1917
,,,1917
Brasil ,6:0 (3:0), Chile,1919
,,,1919
Uruguay ,3:2 (2:1), Argentina,1919
,,,1919
Uruguay ,2:0 (2:0), Chile,1919
,,,1919
Brasil ,3:1 (1:0), Argentina,1919
,,,1919
Argentina ,4:1 (3:1), Chile,1919
,,,1919
Brasil ,2:2 (1:2), Uruguay,1919
,,,1919
Brasil ,"1:0 (0:0, 0:0, 0:0) (t. s.)", Uruguay,1919
,,,1919
Chile ,0:1 (0:0), Brasil,1920
,,,1920
Argentina ,1:1 (0:1), Uruguay,1920
,,,1920
Uruguay ,6:0 (3:0), Brasil,1920
,,,1920
Chile ,1:1 (1:1), Argentina,1920
,,,1920
Argentina ,2:0 (1:0), Brasil,1920
,,,1920
Uruguay ,2:1 (1:0), Chile,1920
,,,1920
Argentina ,1:0 (1:0), Brasil,1921
,,,1921
Paraguay ,2:1 (1:0), Uruguay,1921
,,,1921
Paraguay ,0:3 (0:2), Brasil,1921
,,,1921
Argentina ,3:0 (1:0), Paraguay,1921
,,,1921
Uruguay ,2:1 (1:0), Brasil,1921
,,,1921
Argentina ,1:0 (0:0), Uruguay,1921
,,,1921
Brasil ,1:1 (1:1), Chile,1922
,,,1922
Uruguay ,2:0 (2:0), Chile,1922
,,,1922
Brasil ,1:1 (0:1), Paraguay,1922
,,,1922
Argentina ,4:0 (3:0), Chile,1922
,,,1922
Brasil ,0:0, Uruguay,1922
,,,1922
Paraguay ,3:0 (2:0), Chile,1922
,,,1922
Uruguay ,1:0 (1:0), Argentina,1922
,,,1922
Paraguay ,1:0 (1:0), Uruguay,1922
,,,1922
Brasil ,2:0 (1:0), Argentina,1922
,,,1922
Argentina ,2:0 (0:0), Paraguay,1922
,,,1922
Brasil ,3:0 (1:0), Paraguay,1922
,,,1922
Argentina ,4:3 (1:1), Paraguay,1923
,,,1923
Uruguay ,2:0 (1:0), Paraguay,1923
,,,1923
Paraguay ,1:0 (0:0), Brasil,1923
,,,1923
Argentina ,2:1 (1:1), Brasil,1923
,,,1923
Uruguay ,2:1 (0:0), Brasil,1923
,,,1923
Uruguay ,2:0 (1:0), Argentina,1923
,,,1923
Argentina ,0:0, Paraguay,1924
,,,1924
Uruguay ,5:0 (1:0), Chile,1924
,,,1924
Argentina ,2:0 (1:0), Chile,1924
,,,1924
Uruguay ,3:1 (2:0), Paraguay,1924
,,,1924
Paraguay ,3:1 (2:1), Chile,1924
,,,1924
Uruguay ,0:0, Argentina,1924
,,,1924
Argentina ,2:0 (1:0), Paraguay,1925
,,,1925
Paraguay ,2:5 (1:3), Brasil,1925
,,,1925
Brasil ,1:4 (1:1), Argentina,1925
,,,1925
Brasil ,3:1 (1:0), Paraguay,1925
,,,1925
Paraguay ,1:3 (1:2), Argentina,1925
,,,1925
Argentina ,2:2 (1:2), Brasil,1925
,,,1925
Chile ,7:1 (4:0), Bolivia,1926
,,,1926
Argentina ,5:0 (4:0), Bolivia,1926
,,,1926
Chile ,1:3 (0:2), Uruguay,1926
,,,1926
Argentina ,8:0 (5:0), Paraguay,1926
,,,1926
Paraguay ,6:1 (0:1), Bolivia,1926
,,,1926
Uruguay ,2:0 (1:0), Argentina,1926
,,,1926
Uruguay ,6:0 (4:0), Bolivia,1926
,,,1926
Chile ,1:1 (1:0), Argentina,1926
,,,1926
Uruguay ,6:1 (3:0), Paraguay,1926
,,,1926
Chile ,5:1 (2:1), Paraguay,1926
,,,1926
Argentina ,7:1 (5:1), Bolivia,1927
,,,1927
Perú ,0:4 (0:0), Uruguay,1927
,,,1927
Uruguay ,9:0 (3:0), Bolivia,1927
,,,1927
Perú ,3:2 (3:2), Bolivia,1927
,,,1927
Argentina ,3:2 (0:1), Uruguay,1927
,,,1927
Perú ,1:5 (1:5), Argentina,1927
,,,1927
Paraguay ,3:0 (1:0), Uruguay,1929
,,,1929
Argentina ,3:0 (2:0), Perú,1929
,,,1929
Argentina ,4:1 (2:0), Paraguay,1929
,,,1929
Uruguay ,4:1 (3:0), Perú,1929
,,,1929
Paraguay ,5:0 (1:0), Perú,1929
,,,1929
Argentina ,2:0 (1:0), Uruguay,1929
,,,1929
Argentina ,4:1 (1:1), Chile,1935
,,,1935
Uruguay ,1:0 (0:0), Perú,1935
,,,1935
Uruguay ,2:1 (1:0), Chile,1935
,,,1935
Argentina ,4:1 (1:1), Perú,1935
,,,1935
Perú ,1:0 (1:0), Chile,1935
,,,1935
Uruguay ,3:0 (3:0), Argentina,1935
,,,1935
Brasil ,3:2 (2:0), Perú,1937
,,,1937
Argentina ,2:1 (2:0), Chile,1937
,,,1937
Uruguay ,2:4 (2:3), Paraguay,1937
,,,1937
Brasil ,6:4 (5:3), Chile,1937
,,,1937
Uruguay ,4:2 (2:2), Perú,1937
,,,1937
Argentina ,6:1 (3:0), Paraguay,1937
,,,1937
Uruguay ,0:3 (0:1), Chile,1937
,,,1937
Brasil ,5:0 (2:0), Paraguay,1937
,,,1937
Argentina ,1:0 (0:0), Perú,1937
,,,1937
Paraguay ,3:2 (1:1), Chile,1937
,,,1937
Brasil ,3:2 (1:1), Uruguay,1937
,,,1937
Perú ,2:2 (2:1), Chile,1937
,,,1937
Argentina ,2:3 (0:1), Uruguay,1937
,,,1937
Perú ,1:0 (1:0), Paraguay,1937
,,,1937
Argentina ,1:0 (0:0), Brasil,1937
,,,1937
Argentina ,"2:0 (0:0, 0:0) (t. s.)", Brasil,1937
,,,1937
Paraguay ,5:1 (2:1), Chile,1939
,,,1939
Perú ,5:2 (3:0), Ecuador,1939
,,,1939
Uruguay ,6:0 (1:0), Ecuador,1939
,,,1939
Perú ,3:1 (0:0), Chile,1939
,,,1939
Uruguay ,3:2 (2:2), Chile,1939
,,,1939
Perú ,3:0 (2:0), Paraguay,1939
,,,1939
Ecuador ,1:4 (1:3), Chile,1939
,,,1939
Uruguay ,3:1 (2:0), Paraguay,1939
,,,1939
Paraguay ,3:1 (1:0), Ecuador,1939
,,,1939
Perú ,2:1 (2:1), Uruguay,1939
,,,1939
Chile ,5:0 (4:0), Ecuador,1941
,,,1941
Uruguay ,6:0 (4:0), Ecuador,1941
,,,1941
Chile ,1:0 (1:0), Perú,1941
,,,1941
Argentina ,2:1 (1:0), Perú,1941
,,,1941
Argentina ,6:1 (5:0), Ecuador,1941
,,,1941
Uruguay ,2:0 (1:0), Chile,1941
,,,1941
Ecuador ,0:4 (0:3), Perú,1941
,,,1941
Argentina ,1:0 (0:0), Uruguay,1941
,,,1941
Uruguay ,2:0 (1:0), Perú,1941
,,,1941
Argentina ,1:0 (0:0), Chile,1941
,,,1941
Uruguay ,6:1 (4:1), Chile,1942
,,,1942
Argentina ,4:3 (2:0), Paraguay,1942
,,,1942
Brasil ,6:1 (2:1), Chile,1942
,,,1942
Argentina ,2:1 (2:1), Brasil,1942
,,,1942
Uruguay ,7:0 (7:0), Ecuador,1942
,,,1942
Paraguay ,1:1 (1:1), Perú,1942
,,,1942
Brasil ,2:1 (1:0), Perú,1942
,,,1942
Paraguay ,2:0 (1:0), Chile,1942
,,,1942
Argentina ,12:0 (6:0), Ecuador,1942
,,,1942
Uruguay ,1:0 (1:0), Brasil,1942
,,,1942
Paraguay ,3:1 (1:0), Ecuador,1942
,,,1942
Argentina ,3:1 (1:1), Perú,1942
,,,1942
Perú ,2:1 (1:0), Ecuador,1942
,,,1942
Uruguay ,3:1 (2:0), Paraguay,1942
,,,1942
Argentina ,0:0, Chile,1942
,,,1942
Brasil ,5:1 (3:1), Ecuador,1942
,,,1942
Uruguay ,3:0 (0:0), Perú,1942
,,,1942
Chile ,2:1 (2:1), Ecuador,1942
,,,1942
Brasil ,1:1 (1:1), Paraguay,1942
,,,1942
Perú ,0:0, Chile,1942
,,,1942
Uruguay ,1:0 (0:0), Argentina,1942
,,,1942
Chile ,6:3 (3:2), Ecuador,1945
,,,1945
Argentina ,4:0 (2:0), Bolivia,1945
,,,1945
Brasil ,3:0 (3:0), Colombia,1945
,,,1945
Chile ,5:0 (3:0), Bolivia,1945
,,,1945
Uruguay ,5:1 (2:1), Ecuador,1945
,,,1945
Uruguay ,7:0 (3:0), Colombia,1945
,,,1945
Brasil ,2:0 (0:0), Bolivia,1945
,,,1945
Chile ,2:0 (1:0), Colombia,1945
,,,1945
Argentina ,4:2 (1:0), Ecuador,1945
,,,1945
Argentina ,9:1 (7:0), Colombia,1945
,,,1945
Brasil ,3:0 (3:0), Uruguay,1945
,,,1945
Bolivia ,0:0, Ecuador,1945
,,,1945
Chile ,1:1 (1:0), Argentina,1945
,,,1945
Uruguay ,2:0 (1:0), Bolivia,1945
,,,1945
Argentina ,3:1 (3:1), Brasil,1945
,,,1945
Colombia ,3:1 (1:1), Ecuador,1945
,,,1945
Chile ,1:0 (1:0), Uruguay,1945
,,,1945
Bolivia ,3:3 (0:2), Colombia,1945
,,,1945
Brasil ,9:2 (5:1), Ecuador,1945
,,,1945
Argentina ,1:0 (0:0), Uruguay,1945
,,,1945
Brasil ,1:0 (1:0), Chile,1945
,,,1945
Bolivia ,0:0, Ecuador,1945
,,,1945
Colombia ,3:1 (1:1), Ecuador,1945
,,,1945
Bolivia ,3:3 (0:2), Colombia,1945
,,,1945
Argentina ,2:0 (2:0), Paraguay,1946
,,,1946
Brasil ,3:0 (0:0), Bolivia,1946
,,,1946
Uruguay ,1:0 (1:0), Chile,1946
,,,1946
Chile ,2:1 (0:1), Paraguay,1946
,,,1946
Argentina ,7:1 (2:0), Bolivia,1946
,,,1946
Brasil ,4:3 (4:2), Uruguay,1946
,,,1946
Paraguay ,4:2 (2:1), Bolivia,1946
,,,1946
Argentina ,3:1 (1:0), Chile,1946
,,,1946
Uruguay ,5:0 (3:0), Bolivia,1946
,,,1946
Brasil ,1:1 (0:1), Paraguay,1946
,,,1946
Argentina ,3:1 (1:0), Uruguay,1946
,,,1946
Brasil ,5:1 (2:0), Chile,1946
,,,1946
Chile ,4:1 (2:0), Bolivia,1946
,,,1946
Paraguay ,2:1 (1:0), Uruguay,1946
,,,1946
Argentina ,2:0 (1:0), Brasil,1946
,,,1946
Ecuador ,2:2 (2:2), Bolivia,1947
,,,1947
Uruguay ,2:0 (1:0), Colombia,1947
,,,1947
Paraguay ,0:6 (0:3), Argentina,1947
,,,1947
Chile ,2:1 (1:0), Perú,1947
,,,1947
Ecuador ,0:0, Colombia,1947
,,,1947
Paraguay ,2:2 (1:1), Perú,1947
,,,1947
Uruguay ,6:0 (3:0), Chile,1947
,,,1947
Argentina ,7:0 (3:0), Bolivia,1947
,,,1947
Uruguay ,3:0 (1:0), Bolivia,1947
,,,1947
Chile ,3:0 (0:0), Ecuador,1947
,,,1947
Argentina ,3:2 (1:1), Perú,1947
,,,1947
Colombia ,0:2 (0:1), Paraguay,1947
,,,1947
Uruguay ,2:4 (1:0), Paraguay,1947
,,,1947
Bolivia ,0:0, Colombia,1947
,,,1947
Ecuador ,0:0, Perú,1947
,,,1947
Argentina ,1:1 (1:1), Chile,1947
,,,1947
Uruguay ,6:1 (5:0), Ecuador,1947
,,,1947
Argentina ,6:0 (3:0), Colombia,1947
,,,1947
Chile ,0:1 (0:0), Paraguay,1947
,,,1947
Perú ,2:0 (0:0), Bolivia,1947
,,,1947
Paraguay ,3:1 (3:0), Bolivia,1947
,,,1947
Argentina ,2:0 (1:0), Ecuador,1947
,,,1947
Uruguay ,1:0 (0:0), Perú,1947
,,,1947
Chile ,4:1 (1:0), Colombia,1947
,,,1947
Perú ,5:1 (0:1), Colombia,1947
,,,1947
Argentina ,3:1 (1:0), Uruguay,1947
,,,1947
Ecuador ,0:4 (0:2), Paraguay,1947
,,,1947
Bolivia ,3:4 (0:2), Chile,1947
,,,1947
Ecuador ,1:9 (1:7), Brasil,1949
,,,1949
Bolivia ,3:2 (0:1), Chile,1949
,,,1949
Colombia ,0:3 (0:2), Paraguay,1949
,,,1949
Colombia ,0:4 (0:1), Perú,1949
,,,1949
Ecuador ,0:1 (0:0), Paraguay,1949
,,,1949
Brasil ,10:1 (4:0), Bolivia,1949
,,,1949
Brasil ,2:1 (1:0), Chile,1949
,,,1949
Uruguay ,3:2 (2:2), Ecuador,1949
,,,1949
Paraguay ,3:1 (1:0), Perú,1949
,,,1949
Brasil ,5:0 (3:0), Colombia,1949
,,,1949
Chile ,1:0 (1:0), Ecuador,1949
,,,1949
Uruguay ,2:3 (0:0), Bolivia,1949
,,,1949
Ecuador ,0:4 (0:1), Perú,1949
,,,1949
Chile ,1:1 (1:0), Colombia,1949
,,,1949
Uruguay ,2:1 (1:0), Paraguay,1949
,,,1949
Brasil ,7:1 (4:1), Perú,1949
,,,1949
Ecuador ,0:2 (0:2), Bolivia,1949
,,,1949
Uruguay ,2:2 (0:1), Colombia,1949
,,,1949
Perú ,3:0 (1:0), Bolivia,1949
,,,1949
Paraguay ,4:2 (3:1), Chile,1949
,,,1949
Paraguay ,7:0 (6:0), Bolivia,1949
,,,1949
Uruguay ,1:5 (1:3), Brasil,1949
,,,1949
Perú ,3:0 (1:0), Chile,1949
,,,1949
Ecuador ,4:1 (2:1), Colombia,1949
,,,1949
Perú ,4:3 (2:0), Uruguay,1949
,,,1949
Bolivia ,4:0 (1:0), Colombia,1949
,,,1949
Chile ,3:1 (0:1), Uruguay,1949
,,,1949
Paraguay ,2:1 (0:1), Brasil,1949
,,,1949
Brasil ,7:0 (3:0), Paraguay,1949
,,,1949
Perú ,0:1 (0:0), Bolivia,1953
,,,1953
Paraguay ,3:0 (0:0), Chile,1953
,,,1953
Uruguay ,2:0 (1:0), Bolivia,1953
,,,1953
Perú ,1:0 (0:0), Ecuador,1953
,,,1953
Brasil ,8:1 (6:0), Bolivia,1953
,,,1953
Chile ,3:2 (1:0), Uruguay,1953
,,,1953
Paraguay ,0:0, Ecuador,1953
,,,1953
Chile ,0:0, Perú,1953
,,,1953
Bolivia ,1:1 (1:1), Ecuador,1953
,,,1953
Perú ,2:2 (0:1), Paraguay,1953
,,,1953
Paraguay ,2:2 (1:1), Uruguay,1953
,,,1953
Brasil ,2:0 (1:0), Ecuador,1953
,,,1953
Brasil ,1:0 (0:0), Uruguay,1953
,,,1953
Paraguay ,2:1 (2:0), Bolivia,1953
,,,1953
Chile ,3:0 (1:0), Ecuador,1953
,,,1953
Perú ,1:0 (0:0), Brasil,1953
,,,1953
Brasil ,3:2 (1:0), Chile,1953
,,,1953
Uruguay ,6:0 (1:0), Ecuador,1953
,,,1953
Paraguay ,2:1 (0:1), Brasil,1953
,,,1953
Chile ,2:2 (1:1), Bolivia,1953
,,,1953
Uruguay ,3:0 (1:0), Perú,1953
,,,1953
Paraguay ,3:2 (3:0), Brasil,1953
,,,1953
Chile ,7:1 (4:0), Ecuador,1955
,,,1955
Argentina ,5:3 (2:1), Paraguay,1955
,,,1955
Chile ,5:4 (2:1), Perú,1955
,,,1955
Uruguay ,3:1 (2:1), Paraguay,1955
,,,1955
Ecuador ,0:4 (0:3), Argentina,1955
,,,1955
Ecuador ,2:4 (1:3), Perú,1955
,,,1955
Chile ,2:2 (1:2), Uruguay,1955
,,,1955
Ecuador ,0:2 (0:2), Paraguay,1955
,,,1955
Argentina ,2:2 (2:1), Perú,1955
,,,1955
Chile ,5:0 (1:0), Paraguay,1955
,,,1955
Paraguay ,1:1 (0:1), Perú,1955
,,,1955
Uruguay ,5:1 (3:1), Ecuador,1955
,,,1955
Uruguay ,1:6 (1:2), Argentina,1955
,,,1955
Uruguay ,1:2 (0:1), Perú,1955
,,,1955
Chile ,0:1 (0:0), Argentina,1955
,,,1955
Uruguay ,4:2 (3:0), Paraguay,1956
,,,1956
Argentina ,2:1 (1:0), Perú,1956
,,,1956
Chile ,4:1 (1:1), Brasil,1956
,,,1956
Uruguay ,2:0 (1:0), Perú,1956
,,,1956
Brasil ,0:0, Paraguay,1956
,,,1956
Argentina ,2:0 (1:0), Chile,1956
,,,1956
Brasil ,2:1 (1:1), Perú,1956
,,,1956
Argentina ,1:0 (0:0), Paraguay,1956
,,,1956
Paraguay ,1:1 (0:0), Perú,1956
,,,1956
Brasil ,1:0 (0:0), Argentina,1956
,,,1956
Uruguay ,2:1 (1:0), Chile,1956
,,,1956
Chile ,4:3 (2:1), Perú,1956
,,,1956
Uruguay ,0:0, Brasil,1956
,,,1956
Chile ,2:0 (1:0), Paraguay,1956
,,,1956
Uruguay ,1:0 (1:0), Argentina,1956
,,,1956
Uruguay ,5:2 (2:2), Ecuador,1957
,,,1957
Perú ,2:1 (2:1), Ecuador,1957
,,,1957
Argentina ,8:2 (4:2), Colombia,1957
,,,1957
Brasil ,4:2 (3:1), Chile,1957
,,,1957
Perú ,1:0 (0:0), Chile,1957
,,,1957
Colombia ,1:0 (1:0), Uruguay,1957
,,,1957
Argentina ,3:0 (3:0), Ecuador,1957
,,,1957
Argentina ,4:0 (1:0), Uruguay,1957
,,,1957
Brasil ,7:1 (4:0), Ecuador,1957
,,,1957
Chile ,3:2 (1:0), Colombia,1957
,,,1957
Perú ,3:5 (1:2), Uruguay,1957
,,,1957
Chile ,2:2 (2:1), Ecuador,1957
,,,1957
Brasil ,9:0 (4:0), Colombia,1957
,,,1957
Perú ,4:1 (3:0), Colombia,1957
,,,1957
Argentina ,6:2 (2:2), Chile,1957
,,,1957
Uruguay ,3:2 (3:0), Brasil,1957
,,,1957
Perú ,0:1 (0:0), Brasil,1957
,,,1957
Colombia ,4:1 (3:1), Ecuador,1957
,,,1957
Uruguay ,2:0 (2:0), Chile,1957
,,,1957
Argentina ,3:0 (1:0), Brasil,1957
,,,1957
Perú ,2:1 (1:0), Argentina,1957
,,,1957
Argentina,6:1 (4:1),Chile,1959
,,,1959
Uruguay,7:0 (3:0),Bolivia,1959
,,,1959
Brasil,2:2 (1:0),Perú,1959
,,,1959
Paraguay,2:1 (2:1),Chile,1959
,,,1959
Argentina,2:0 (1:0),Bolivia,1959
,,,1959
Perú,5:3 (4:2),Uruguay,1959
,,,1959
Paraguay,5:0 (3:0),Bolivia,1959
,,,1959
Brasil,3:0 (2:0),Chile,1959
,,,1959
Uruguay,3:1 (2:0),Paraguay,1959
,,,1959
Argentina,3:1 (2:0),Perú,1959
,,,1959
Brasil,4:2 (3:2),Bolivia,1959
,,,1959
Chile,1:1 (0:1),Perú,1959
,,,1959
Argentina,3:1 (1:1),Paraguay,1959
,,,1959
Chile,5:2 (3:1),Bolivia,1959
,,,1959
Brasil,3:1 (0:1),Uruguay,1959
,,,1959
Perú,0:0,Bolivia,1959
,,,1959
Brasil,4:1 (2:1),Paraguay,1959
,,,1959
Argentina,4:1 (1:0),Uruguay,1959
,,,1959
Paraguay,2:1 (1:0),Perú,1959
,,,1959
Chile,1:0 (0:0),Uruguay,1959
,,,1959
Argentina,1:1 (1:0),Brasil,1959
,,,1959
Brasil,3:2 (2:1),Paraguay,1959
,,,1959
Ecuador,0:4 (0:2),Uruguay,1959
,,,1959
Argentina,4:2 (1:1),Paraguay,1959
,,,1959
Uruguay,3:0 (0:0),Brasil,1959
,,,1959
Ecuador,1:1 (1:0),Argentina,1959
,,,1959
Uruguay,5:0 (3:0),Argentina,1959
,,,1959
Ecuador,1:3 (1:3),Brasil,1959
,,,1959
Argentina,4:1 (2:0),Brasil,1959
,,,1959
Uruguay,1:1 (0:1),Paraguay,1959
,,,1959
Ecuador,3:1 (0:1),Paraguay,1959
,,,1959
Bolivia ,4:4 (2:2), Ecuador,1963
,,,1963
Argentina ,4:2 (2:2), Colombia,1963
,,,1963
Brasil ,1:0 (1:0), Perú,1963
,,,1963
Perú ,2:1 (0:0), Argentina,1963
,,,1963
Paraguay ,3:1 (1:1), Ecuador,1963
,,,1963
Brasil ,5:1 (2:0), Colombia,1963
,,,1963
Bolivia ,2:1 (2:1), Colombia,1963
,,,1963
Perú ,2:1 (2:1), Ecuador,1963
,,,1963
Paraguay ,2:0 (1:0), Brasil,1963
,,,1963
Paraguay ,3:2 (1:1), Colombia,1963
,,,1963
Argentina ,4:2 (1:1), Ecuador,1963
,,,1963
Bolivia ,3:2 (2:1), Perú,1963
,,,1963
Perú ,1:1 (1:1), Colombia,1963
,,,1963
Argentina ,3:0 (2:0), Brasil,1963
,,,1963
Bolivia ,2:0 (1:0), Paraguay,1963
,,,1963
Brasil ,2:2 (1:0), Ecuador,1963
,,,1963
Paraguay ,4:1 (3:0), Perú,1963
,,,1963
Bolivia ,3:2 (2:2), Argentina,1963
,,,1963
Ecuador ,4:3 (2:0), Colombia,1963
,,,1963
Argentina ,1:1 (0:1), Paraguay,1963
,,,1963
Bolivia ,5:4 (2:2), Brasil,1963
,,,1963
Chile ,5:2 (3:0), Colombia,1967
,,,1967
Colombia ,0:0, Chile,1967
,,,1967
Ecuador ,2:2 (0:0), Paraguay,1967
,,,1967
Paraguay ,3:1 (2:0), Ecuador,1967
,,,1967
Uruguay ,4:0 (2:0), Bolivia,1967
,,,1967
Chile ,2:0 (2:0), Venezuela,1967
,,,1967
Argentina ,4:1 (1:0), Paraguay,1967
,,,1967
Uruguay ,4:0 (2:0), Venezuela,1967
,,,1967
Argentina ,1:0 (0:0), Bolivia,1967
,,,1967
Chile ,4:2 (2:1), Paraguay,1967
,,,1967
Paraguay ,1:0 (0:0), Bolivia,1967
,,,1967
Argentina ,5:1 (2:0), Venezuela,1967
,,,1967
Uruguay ,2:2 (1:2), Chile,1967
,,,1967
Venezuela ,3:0 (0:0), Bolivia,1967
,,,1967
Argentina ,2:0 (1:0), Chile,1967
,,,1967
Uruguay ,2:0 (1:0), Paraguay,1967
,,,1967
Chile ,0:0, Bolivia,1967
,,,1967
Paraguay ,5:3 (4:1), Venezuela,1967
,,,1967
Uruguay ,1:0 (0:0), Argentina,1967
,,,1967
Venezuela ,0:4 (0:1), Brasil,1975
,,,1975
Venezuela ,1:5 (1:3), Argentina,1975
,,,1975
Brasil ,2:1 (1:1), Argentina,1975
,,,1975
Argentina ,11:0 (4:0), Venezuela,1975
,,,1975
Brasil ,6:0 (3:0), Venezuela,1975
,,,1975
Argentina ,0:1 (0:1), Brasil,1975
,,,1975
Chile ,1:1 (1:0), Perú,1975
,,,1975
Bolivia ,2:1 (0:1), Chile,1975
,,,1975
Bolivia ,0:1 (0:1), Perú,1975
,,,1975
Perú ,3:1 (2:0), Bolivia,1975
,,,1975
Chile ,4:0 (1:0), Bolivia,1975
,,,1975
Perú ,3:1 (3:0), Chile,1975
,,,1975
Colombia ,1:0 (0:0), Paraguay,1975
,,,1975
Ecuador ,2:2 (1:1), Paraguay,1975
,,,1975
Ecuador ,1:3 (1:1), Colombia,1975
,,,1975
Paraguay ,0:1 (0:1), Colombia,1975
,,,1975
Colombia ,2:0 (2:0), Ecuador,1975
,,,1975
Paraguay ,3:1 (2:1), Ecuador,1975
,,,1975
Colombia ,3:0 (0:0), Uruguay,1975
,,,1975
Uruguay ,1:0 (1:0), Colombia,1975
,,,1975
Brasil ,1:3 (0:1), Perú,1975
,,,1975
Perú ,0:2 (0:1), Brasil,1975
,,,1975
Colombia ,1:0 (1:0), Perú,1975
,,,1975
Perú ,2:0 (2:0), Colombia,1975
,,,1975
Perú ,1:0 (1:0), Colombia,1975
,,,1975
Venezuela ,0:0, Colombia,1979
,,,1979
Venezuela ,1:1 (0:0), Chile,1979
,,,1979
Colombia ,1:0 (1:0), Chile,1979
,,,1979
Colombia ,4:0 (1:0), Venezuela,1979
,,,1979
Chile ,7:0 (2:0), Venezuela,1979
,,,1979
Chile ,2:0 (1:0), Colombia,1979
,,,1979
Bolivia ,2:1 (1:1), Argentina,1979
,,,1979
Bolivia ,2:1 (1:1), Brasil,1979
,,,1979
Brasil ,2:1 (1:1), Argentina,1979
,,,1979
Argentina ,3:0 (2:0), Bolivia,1979
,,,1979
Brasil ,2:0 (0:0), Bolivia,1979
,,,1979
Argentina ,2:2 (1:1), Brasil,1979
,,,1979
Ecuador ,1:2 (0:1), Paraguay,1979
,,,1979
Ecuador ,2:1 (2:0), Uruguay,1979
,,,1979
Paraguay ,2:0 (1:0), Ecuador,1979
,,,1979
Uruguay ,2:1 (1:0), Ecuador,1979
,,,1979
Paraguay ,0:0, Uruguay,1979
,,,1979
Uruguay ,2:2 (0:1), Paraguay,1979
,,,1979
Perú ,1:2 (0:1), Chile,1979
,,,1979
Chile ,0:0, Perú,1979
,,,1979
Paraguay ,2:1 (2:0), Brasil,1979
,,,1979
Brasil ,2:2 (1:1), Paraguay,1979
,,,1979
Uruguay ,2:1 (1:0), Chile,1983
,,,1983
Uruguay ,3:0 (1:0), Venezuela,1983
,,,1983
Chile ,5:0 (3:0), Venezuela,1983
,,,1983
Chile ,2:0 (1:0), Uruguay,1983
,,,1983
Venezuela ,1:2 (0:0), Uruguay,1983
,,,1983
Venezuela ,0:0, Chile,1983
,,,1983
Ecuador ,2:2 (0:1), Argentina,1983
,,,1983
Ecuador ,0:1 (0:1), Brasil,1983
,,,1983
Argentina ,1:0 (0:0), Brasil,1983
,,,1983
Brasil ,5:0 (1:0), Ecuador,1983
,,,1983
Argentina ,2:2 (0:1), Ecuador,1983
,,,1983
Brasil ,0:0, Argentina,1983
,,,1983
Bolivia ,0:1 (0:0), Colombia,1983
,,,1983
Perú ,1:0 (0:0), Colombia,1983
,,,1983
Bolivia ,1:1 (0:0), Perú,1983
,,,1983
Colombia ,2:2 (0:1), Perú,1983
,,,1983
Colombia ,2:2 (1:0), Bolivia,1983
,,,1983
Perú ,2:1 (2:0), Bolivia,1983
,,,1983
Perú ,0:1 (0:0), Uruguay,1983
,,,1983
Uruguay ,1:1 (0:1), Perú,1983
,,,1983
Paraguay ,1:1 (0:0), Brasil,1983
,,,1983
Brasil ,0:0, Paraguay,1983
,,,1983
Uruguay ,2:0 (1:0), Brasil,1983
,,,1983
Brasil ,1:1 (1:0), Uruguay,1983
,,,1983
Uruguay ,2:1 (1:0), Chile,1983
,,,1983
Uruguay ,3:0 (1:0), Venezuela,1983
,,,1983
Chile ,5:0 (3:0), Venezuela,1983
,,,1983
Chile ,2:0 (1:0), Uruguay,1983
,,,1983
Venezuela ,1:2 (0:0), Uruguay,1983
,,,1983
Venezuela ,0:0, Chile,1983
,,,1983
Ecuador ,2:2 (0:1), Argentina,1983
,,,1983
Ecuador ,0:1 (0:1), Brasil,1983
,,,1983
Argentina ,1:0 (0:0), Brasil,1983
,,,1983
Brasil ,5:0 (1:0), Ecuador,1983
,,,1983
Argentina ,2:2 (0:1), Ecuador,1983
,,,1983
Brasil ,0:0, Argentina,1983
,,,1983
Bolivia ,0:1 (0:0), Colombia,1983
,,,1983
Perú ,1:0 (0:0), Colombia,1983
,,,1983
Bolivia ,1:1 (0:0), Perú,1983
,,,1983
Colombia ,2:2 (0:1), Perú,1983
,,,1983
Colombia ,2:2 (1:0), Bolivia,1983
,,,1983
Perú ,2:1 (2:0), Bolivia,1983
,,,1983
Perú ,0:1 (0:0), Uruguay,1983
,,,1983
Uruguay ,1:1 (0:1), Perú,1983
,,,1983
Paraguay ,1:1 (0:0), Brasil,1983
,,,1983
Brasil ,0:0, Paraguay,1983
,,,1983
Uruguay ,2:0 (1:0), Brasil,1983
,,,1983
Brasil ,1:1 (1:0), Uruguay,1983
,,,1983
Argentina ,1:1 (0:0), Perú,1987
,,,1987
Argentina ,3:0 (0:0), Ecuador,1987
,,,1987
Perú ,1:1 (1:1), Ecuador,1987
,,,1987
Brasil ,5:0 (2:0), Venezuela,1987
,,,1987
Chile ,3:1 (1:1), Venezuela,1987
,,,1987
Brasil ,0:4 (0:1), Chile,1987
,,,1987
Paraguay ,0:0, Bolivia,1987
,,,1987
Colombia ,2:0 (1:0), Bolivia,1987
,,,1987
Colombia ,3:0 (2:0), Paraguay,1987
,,,1987
Chile ,"2:1 (0:0, 0:0) (t. s.)", Colombia,1987
,,,1987
Argentina ,0:1 (0:1), Uruguay,1987
,,,1987
Argentina ,1:2 (0:2), Colombia,1987
,,,1987
Uruguay ,1:0 (0:0), Chile,1987
,,,1987
Paraguay ,5:2 (2:1), Perú,1989
,,,1989
Brasil ,3:1 (2:0), Venezuela,1989
,,,1989
Colombia ,4:2 (1:0), Venezuela,1989
,,,1989
Brasil ,0:0, Perú,1989
,,,1989
Perú ,1:1 (1:1), Venezuela,1989
,,,1989
Paraguay ,1:0 (0:0), Colombia,1989
,,,1989
Paraguay ,3:0 (1:0), Venezuela,1989
,,,1989
Brasil ,0:0, Colombia,1989
,,,1989
Colombia ,1:1 (1:1), Perú,1989
,,,1989
Brasil ,2:0 (0:0), Paraguay,1989
,,,1989
Ecuador ,1:0 (0:0), Uruguay,1989
,,,1989
Argentina ,1:0 (0:0), Chile,1989
,,,1989
Uruguay ,3:0 (2:0), Bolivia,1989
,,,1989
Argentina ,0:0, Ecuador,1989
,,,1989
Ecuador ,0:0, Bolivia,1989
,,,1989
Uruguay ,3:0 (1:0), Chile,1989
,,,1989
Chile ,5:0 (2:0), Bolivia,1989
,,,1989
Argentina ,1:0 (0:0), Uruguay,1989
,,,1989
Chile ,2:1 (1:0), Ecuador,1989
,,,1989
Argentina ,0:0, Bolivia,1989
,,,1989
Uruguay ,3:0 (1:0), Paraguay,1989
,,,1989
Brasil ,2:0 (0:0), Argentina,1989
,,,1989
Uruguay ,2:0 (1:0), Argentina,1989
,,,1989
Brasil ,3:0 (1:0), Paraguay,1989
,,,1989
Argentina ,0:0, Paraguay,1989
,,,1989
Brasil ,1:0 (0:0), Uruguay,1989
,,,1989
Chile ,2:0 (2:0), Venezuela,1991
,,,1991
Paraguay ,1:0 (1:0), Perú,1991
,,,1991
Chile ,4:2 (1:0), Perú,1991
,,,1991
Argentina ,3:0 (2:0), Venezuela,1991
,,,1991
Paraguay ,5:0 (2:0), Venezuela,1991
,,,1991
Chile ,0:1 (0:0), Argentina,1991
,,,1991
Perú ,5:1 (2:1), Venezuela,1991
,,,1991
Argentina ,4:1 (1:0), Paraguay,1991
,,,1991
Argentina ,3:2 (1:1), Perú,1991
,,,1991
Chile ,4:0 (2:0), Paraguay,1991
,,,1991
Colombia ,1:0 (1:0), Ecuador,1991
,,,1991
Uruguay ,1:1 (0:1), Bolivia,1991
,,,1991
Uruguay ,1:1 (0:1), Ecuador,1991
,,,1991
Brasil ,2:1 (1:0), Bolivia,1991
,,,1991
Colombia ,0:0, Bolivia,1991
,,,1991
Brasil ,1:1 (1:0), Uruguay,1991
,,,1991
Ecuador ,4:0 (2:0), Bolivia,1991
,,,1991
Colombia ,2:0 (1:0), Brasil,1991
,,,1991
Uruguay ,1:0 (1:0), Colombia,1991
,,,1991
Brasil ,3:1 (1:1), Ecuador,1991
,,,1991
Argentina ,3:2 (2:1), Brasil,1991
,,,1991
Chile ,1:1 (0:1), Colombia,1991
,,,1991
Chile ,0:0 (0:0), Argentina,1991
,,,1991
Brasil ,2:0 (1:0), Colombia,1991
,,,1991
Chile ,0:2 (0:1), Brasil,1991
,,,1991
Argentina ,2:1 (2:0), Colombia,1991
,,,1991
Ecuador ,6:1 (2:0), Venezuela,1993
,,,1993
Uruguay ,1:0 (0:0), Estados Unidos,1993
,,,1993
Uruguay ,2:2 (1:1), Venezuela,1993
,,,1993
Ecuador ,2:0 (2:0), Estados Unidos,1993
,,,1993
Venezuela ,3:3 (0:2), Estados Unidos,1993
,,,1993
Ecuador ,2:1 (1:0), Uruguay,1993
,,,1993
Paraguay ,1:0 (1:0), Chile,1993
,,,1993
Perú ,0:0, Brasil,1993
,,,1993
Paraguay ,1:1 (1:0), Perú,1993
,,,1993
Chile ,3:2 (1:1), Brasil,1993
,,,1993
Perú ,1:0 (1:0), Chile,1993
,,,1993
Brasil ,3:0 (1:0), Paraguay,1993
,,,1993
Colombia ,2:1 (1:0), México,1993
,,,1993
Argentina ,1:0 (0:0), Bolivia,1993
,,,1993
México ,1:1 (1:1), Argentina,1993
,,,1993
Colombia ,1:1 (1:1), Bolivia,1993
,,,1993
México ,0:0, Bolivia,1993
,,,1993
Argentina ,1:1 (1:1), Colombia,1993
,,,1993
Ecuador ,3:0 (2:0), Paraguay,1993
,,,1993
Colombia ,"1:1 (0:0)
(5:3 p.)", Uruguay,1993
,,,1993
,,,1993
Argentina ,"1:1 (0:1)
(6:5 p.)", Brasil,1993
,,,1993
,,,1993
México ,4:2 (3:0), Perú,1993
,,,1993
Ecuador ,0:2 (0:1), México,1993
,,,1993
Argentina ,"0:0
(6:5 p.)", Colombia,1993
,,,1993
,,,1993
Ecuador ,0:1 (0:0), Colombia,1993
,,,1993
Argentina ,2:1 (0:0), México,1993
,,,1993
Uruguay ,4:1 (2:0), Venezuela,1995
,,,1995
Paraguay ,2:1 (0:1), México,1995
,,,1995
Uruguay ,1:0 (1:0), Paraguay,1995
,,,1995
México ,3:1 (1:0), Venezuela,1995
,,,1995
Paraguay ,3:2 (1:1), Venezuela,1995
,,,1995
Uruguay ,1:1 (0:0), México,1995
,,,1995
Colombia ,1:1 (0:0), Perú,1995
,,,1995
Brasil ,1:0 (0:0), Ecuador,1995
,,,1995
Colombia ,1:0 (1:0), Ecuador,1995
,,,1995
Brasil ,2:0 (0:0), Perú,1995
,,,1995
Ecuador ,2:1 (0:0), Perú,1995
,,,1995
Brasil ,3:0 (1:0), Colombia,1995
,,,1995
Estados Unidos ,2:1 (2:0), Chile,1995
,,,1995
Argentina ,2:1 (0:0), Bolivia,1995
,,,1995
Bolivia ,1:0 (1:0), Estados Unidos,1995
,,,1995
Argentina ,4:0 (2:0), Chile,1995
,,,1995
Bolivia ,2:2 (0:0), Chile,1995
,,,1995
Estados Unidos ,3:0 (2:0), Argentina,1995
,,,1995
Colombia ,"1:1 (0:1)
(5:4 p.)", Paraguay,1995
,,,1995
,,,1995
Uruguay ,2:1 (2:0), Bolivia,1995
,,,1995
Estados Unidos ,"0:0
(4:1 p.)", México,1995
,,,1995
,,,1995
Brasil ,"2:2 (1:2)
(4:2 p.)", Argentina,1995
,,,1995
,,,1995
Uruguay ,2:0 (0:0), Colombia,1995
,,,1995
Brasil ,1:0 (1:0), Estados Unidos,1995
,,,1995
Colombia ,4:1 (2:0), Estados Unidos,1995
,,,1995
Uruguay ,"1:1 (0:1)
(5:3 p.)", Brasil,1995
,,,1995
,,,1995
Paraguay ,1:0 (1:0), Chile,1997
,,,1997
Ecuador ,0:0, Argentina,1997
,,,1997
Paraguay ,0:2 (0:0), Ecuador,1997
,,,1997
Argentina ,2:0 (0:0), Chile,1997
,,,1997
Ecuador ,2:1 (1:0), Chile,1997
,,,1997
Paraguay ,1:1 (0:0), Argentina,1997
,,,1997
Perú ,1:0 (0:0), Uruguay,1997
,,,1997
Bolivia ,1:0 (0:0), Venezuela,1997
,,,1997
Uruguay ,2:0 (1:0), Venezuela,1997
,,,1997
Bolivia ,2:0 (1:0), Perú,1997
,,,1997
Perú ,2:0 (1:0), Venezuela,1997
,,,1997
Bolivia ,1:0 (1:0), Uruguay,1997
,,,1997
Colombia ,1:2 (0:2), México,1997
,,,1997
Brasil ,5:0 (2:0), Costa Rica,1997
,,,1997
Colombia ,4:1 (2:0), Costa Rica,1997
,,,1997
Brasil ,3:2 (0:2), México,1997
,,,1997
México ,1:1 (1:0), Costa Rica,1997
,,,1997
Brasil ,2:0 (1:0), Colombia,1997
,,,1997
Argentina ,1:2 (0:1), Perú,1997
,,,1997
Bolivia ,2:1 (2:0), Colombia,1997
,,,1997
México ,"1:1 (1:1)
(4:3 p.)", Ecuador,1997
,,,1997
,,,1997
Brasil ,2:0 (2:0), Paraguay,1997
,,,1997
Bolivia ,3:1 (2:1), México,1997
,,,1997
Perú ,0:7 (0:4), Brasil,1997
,,,1997
Perú ,0:1 (0:0), México,1997
,,,1997
Bolivia ,1:3 (1:1), Brasil,1997
,,,1997
Perú ,3:2 (0:1), Japón,1999
,,,1999
Paraguay ,0:0, Bolivia,1999
,,,1999
Perú ,1:0 (0:0), Bolivia,1999
,,,1999
Paraguay ,4:0 (2:0), Japón,1999
,,,1999
Japón ,1:1 (0:0), Bolivia,1999
,,,1999
Paraguay ,1:0 (0:0), Perú,1999
,,,1999
Chile ,0:1 (0:0), México,1999
,,,1999
Brasil ,7:0 (2:0), Venezuela,1999
,,,1999
Brasil ,2:1 (2:0), México,1999
,,,1999
Chile ,3:0 (2:0), Venezuela,1999
,,,1999
México ,3:1 (3:0), Venezuela,1999
,,,1999
Brasil ,1:0 (1:0), Chile,1999
,,,1999
Uruguay ,0:1 (0:1), Colombia,1999
,,,1999
Argentina ,3:1 (1:0), Ecuador,1999
,,,1999
Uruguay ,2:1 (0:0), Ecuador,1999
,,,1999
Argentina ,0:3 (0:1), Colombia,1999
,,,1999
Colombia ,2:1 (2:0), Ecuador,1999
,,,1999
Argentina ,2:0 (1:0), Uruguay,1999
,,,1999
Perú ,"3:3 (3:2)
(2:4 p.)", México,1999
,,,1999
,,,1999
Paraguay ,"1:1 (1:0)
(3:5 p.)", Uruguay,1999
,,,1999
,,,1999
Colombia ,2:3 (2:1), Chile,1999
,,,1999
Brasil ,2:1 (1:1), Argentina,1999
,,,1999
Uruguay ,"1:1 (1:0)
(5:3 p.)", Chile,1999
,,,1999
,,,1999
México ,0:2 (0:2), Brasil,1999
,,,1999
Chile ,1:2 (0:1), México,1999
,,,1999
Uruguay ,0:3 (0:2), Brasil,1999
,,,1999
Ecuador ,1:4 (0:1), Chile,2001
,,,2001
Colombia ,2:0 (1:0), Venezuela,2001
,,,2001
Chile ,1:0 (0:0), Venezuela,2001
,,,2001
Colombia ,1:0 (1:0), Ecuador,2001
,,,2001
Ecuador ,4:0 (2:0), Venezuela,2001
,,,2001
Colombia ,2:0 (1:0), Chile,2001
,,,2001
Perú ,3:3 (1:1), Paraguay,2001
,,,2001
Brasil ,0:1 (0:1), México,2001
,,,2001
Brasil ,2:0 (1:0), Perú,2001
,,,2001
Paraguay ,0:0, México,2001
,,,2001
Perú ,1:0 (0:0), México,2001
,,,2001
Brasil ,3:1 (0:1), Paraguay,2001
,,,2001
Bolivia ,0:1 (0:0), Uruguay,2001
,,,2001
Honduras ,0:1 (0:0), Costa Rica,2001
,,,2001
Uruguay ,1:1 (0:1), Costa Rica,2001
,,,2001
Honduras ,2:0 (0:0), Bolivia,2001
,,,2001
Bolivia ,0:4 (0:1), Costa Rica,2001
,,,2001
Honduras ,1:0 (0:0), Uruguay,2001
,,,2001
Chile ,0:2 (0:1), México,2001
,,,2001
Costa Rica ,1:2 (0:0), Uruguay,2001
,,,2001
Colombia ,3:0 (0:0), Perú,2001
,,,2001
Honduras ,2:0 (0:0), Brasil,2001
,,,2001
México ,2:1 (1:1), Uruguay,2001
,,,2001
Colombia ,2:0 (1:0), Honduras,2001
,,,2001
Honduras ,"2:2 (2:2)
(5:4 p.)", Uruguay,2001
,,,2001
,,,2001
Colombia ,1:0 (0:0), México,2001
,,,2001
Colombia ,1:0 (1:0), Venezuela,2004
,,,2004
Perú ,2:2 (0:1), Bolivia,2004
,,,2004
Colombia ,1:0 (0:0), Bolivia,2004
,,,2004
Perú ,3:1 (1:0), Venezuela,2004
,,,2004
Venezuela ,1:1 (1:1), Bolivia,2004
,,,2004
Perú ,2:2 (0:1), Colombia,2004
,,,2004
Uruguay ,2:2 (1:1), México,2004
,,,2004
Argentina ,6:1 (1:0), Ecuador,2004
,,,2004
Uruguay ,2:1 (0:0), Ecuador,2004
,,,2004
México ,1:0 (1:0), Argentina,2004
,,,2004
México ,2:1 (2:0), Ecuador,2004
,,,2004
Argentina ,4:2 (2:2), Uruguay,2004
,,,2004
Paraguay ,1:0 (0:0), Costa Rica,2004
,,,2004
Brasil ,1:0 (0:0), Chile,2004
,,,2004
Brasil ,4:1 (1:0), Costa Rica,2004
,,,2004
Paraguay ,1:1 (0:0), Chile,2004
,,,2004
Chile ,1:2 (1:0), Costa Rica,2004
,,,2004
Brasil ,1:2 (1:1), Paraguay,2004
,,,2004
Perú ,0:1 (0:0), Argentina,2004
,,,2004
Colombia ,2:0 (2:0), Costa Rica,2004
,,,2004
Paraguay ,1:3 (1:1), Uruguay,2004
,,,2004
México ,0:4 (0:1), Brasil,2004
,,,2004
Argentina ,3:0 (1:0), Colombia,2004
,,,2004
Brasil ,"1:1 (0:1)
(5:3 p.)", Uruguay,2004
,,,2004
,,,2004
Colombia ,1:2 (0:1), Uruguay,2004
,,,2004
Argentina ,"2:2 (1:1)
(2:4 p.)", Brasil,2004
,,,2004
,,,2004
Uruguay ,0:3 (0:1), Perú,2007
,,,2007
Venezuela ,2:2 (1:1), Bolivia,2007
,,,2007
Bolivia ,0:1 (0:0), Uruguay,2007
,,,2007
Venezuela ,2:0 (0:0), Perú,2007
,,,2007
Perú ,2:2 (1:2), Bolivia,2007
,,,2007
Venezuela ,0:0, Uruguay,2007
,,,2007
Ecuador ,2:3 (2:1), Chile,2007
,,,2007
Brasil ,0:2 (0:2), México,2007
,,,2007
Brasil ,3:0 (1:0), Chile,2007
,,,2007
México ,2:1 (1:0), Ecuador,2007
,,,2007
México ,0:0, Chile,2007
,,,2007
Brasil ,1:0 (0:0), Ecuador,2007
,,,2007
Paraguay ,5:0 (1:0), Colombia,2007
,,,2007
Argentina ,4:1 (1:1), Estados Unidos,2007
,,,2007
Estados Unidos ,1:3 (1:1), Paraguay,2007
,,,2007
Argentina ,4:2 (3:1), Colombia,2007
,,,2007
Colombia ,1:0 (1:0), Estados Unidos,2007
,,,2007
Argentina ,1:0 (0:0), Paraguay,2007
,,,2007
Venezuela ,1:4 (1:1), Uruguay,2007
,,,2007
Chile ,1:6 (0:2), Brasil,2007
,,,2007
México ,6:0 (3:0), Paraguay,2007
,,,2007
Argentina ,4:0 (0:0), Perú,2007
,,,2007
Uruguay ,"2:2 (1:2)
(4:5 p.)", Brasil,2007
,,,2007
,,,2007
México ,0:3 (0:1), Argentina,2007
,,,2007
Uruguay ,1:3 (1:1), México,2007
,,,2007
Brasil ,3:0 (1:0), Argentina,2007
,,,2007
Argentina,1:1 (0:0),Bolivia,2011
,,,2011
Colombia,1:0 (1:0),Costa Rica,2011
,,,2011
Argentina,0:0,Colombia,2011
,,,2011
Bolivia,0:2 (0:0),Costa Rica,2011
,,,2011
Colombia,2:0 (2:0),Bolivia,2011
,,,2011
Argentina,3:0 (1:0),Costa Rica,2011
,,,2011
Brasil ,0:0, Venezuela,2011
,,,2011
Paraguay ,0:0, Ecuador,2011
,,,2011
Brasil ,2:2 (1:0), Paraguay,2011
,,,2011
Venezuela ,1:0 (0:0), Ecuador,2011
,,,2011
Paraguay ,3:3 (1:1), Venezuela,2011
,,,2011
Brasil ,4:2 (1:1), Ecuador,2011
,,,2011
Uruguay ,1:1 (1:1), Perú,2011
,,,2011
Chile ,2:1 (0:1), México,2011
,,,2011
Uruguay ,1:1 (0:0), Chile,2011
,,,2011
México ,0:1 (0:0), Perú,2011
,,,2011
Chile ,1:0 (0:0), Perú,2011
,,,2011
Uruguay ,1:0 (1:0), México,2011
,,,2011
Colombia ,"0:2 (0:0, 0:0) (t. s.)", Perú,2011
,,,2011
Argentina ,"1:1 (1:1, 1:1) (t. s.)
(4:5 p.)", Uruguay,2011
,,,2011
,,,2011
Brasil ,"0:0 (t. s.)
(0:2 p.)", Paraguay,2011
,,,2011
,,,2011
Chile ,1:2 (0:1), Venezuela,2011
,,,2011
Perú ,0:2 (0:0), Uruguay,2011
,,,2011
Paraguay ,"0:0 (t. s.)
(5:3 p.)", Venezuela,2011
,,,2011
,,,2011
Perú ,4:1 (1:0), Venezuela,2011
,,,2011
Uruguay ,3:0 (2:0), Paraguay,2011
,,,2011
Chile ,2:0 (0:0), Ecuador,2015
,,,2015
México ,0:0, Bolivia,2015
,,,2015
Ecuador ,2:3 (0:3), Bolivia,2015
,,,2015
Chile ,3:3 (2:2), México,2015
,,,2015
México ,1:2 (0:1), Ecuador,2015
,,,2015
Chile ,5:0 (2:0), Bolivia,2015
,,,2015
Uruguay ,1:0 (0:0), Jamaica,2015
,,,2015
Argentina ,2:2 (2:0), Paraguay,2015
,,,2015
Paraguay ,1:0 (1:0), Jamaica,2015
,,,2015
Argentina ,1:0 (0:0), Uruguay,2015
,,,2015
Uruguay ,1:1 (1:1), Paraguay,2015
,,,2015
Argentina ,1:0 (1:0), Jamaica,2015
,,,2015
Colombia ,0:1 (0:0), Venezuela,2015
,,,2015
Brasil ,2:1 (1:1), Perú,2015
,,,2015
Brasil ,0:1 (0:1), Colombia,2015
,,,2015
Perú ,1:0 (0:0), Venezuela,2015
,,,2015
Colombia ,0:0, Perú,2015
,,,2015
Brasil ,2:1 (1:0), Venezuela,2015
,,,2015
Chile ,1:0 (0:0), Uruguay,2015
,,,2015
Bolivia ,1:3 (0:2), Perú,2015
,,,2015
Argentina ,"0:0
(5:4 p.)", Colombia,2015
,,,2015
,,,2015
Brasil ,"1:1 (1:0)
(3:4 p.)", Paraguay,2015
,,,2015
,,,2015
Chile,2:1 (1:0),Perú,2015
,,,2015
Argentina,6:1 (2:1),Paraguay,2015
,,,2015
Perú ,2:0 (0:0), Paraguay,2015
,,,2015
Chile ,"0:0 (t. s.)
(4:1 p.)", Argentina,2015
,,,2015
,,,2015
Trinidad y Tobago ,0:1 (0:0), Haití,2016
,,,2016
Panamá ,4:0 (2:0), Cuba,2016
,,,2016
Estados Unidos ,0:2 (0:2), Colombia,2016
,,,2016
Costa Rica ,0:0, Paraguay,2016
,,,2016
Estados Unidos ,4:0 (3:0), Costa Rica,2016
,,,2016
Colombia ,2:1 (2:0), Paraguay,2016
,,,2016
Estados Unidos ,1:0 (1:0), Paraguay,2016
,,,2016
Colombia ,2:3 (1:2), Costa Rica,2016
,,,2016
Haití ,0:1 (0:0), Perú,2016
,,,2016
Brasil ,0:0, Ecuador,2016
,,,2016
Brasil ,7:1 (3:0), Haití,2016
,,,2016
Ecuador ,2:2 (1:2), Perú,2016
,,,2016
Ecuador ,4:0 (2:0), Haití,2016
,,,2016
Brasil ,0:1 (0:0), Perú,2016
,,,2016
Jamaica ,0:1 (0:1), Venezuela,2016
,,,2016
México ,3:1 (1:0), Uruguay,2016
,,,2016
Uruguay ,0:1 (0:1), Venezuela,2016
,,,2016
México ,2:0 (1:0), Jamaica,2016
,,,2016
México ,1:1 (0:1), Venezuela,2016
,,,2016
Uruguay ,3:0 (1:0), Jamaica,2016
,,,2016
Panamá ,2:1 (1:0), Bolivia,2016
,,,2016
Argentina ,2:1 (0:0), Chile,2016
,,,2016
Chile ,2:1 (0:0), Bolivia,2016
,,,2016
Argentina ,5:0 (1:0), Panamá,2016
,,,2016
Chile ,4:2 (2:1), Panamá,2016
,,,2016
Argentina ,3:0 (3:0), Bolivia,2016
,,,2016
Estados Unidos ,2:1 (1:0), Ecuador,2016
,,,2016
Perú ,"0:0
(2:4 p.)", Colombia,2016
,,,2016
,,,2016
Argentina ,4:1 (2:0), Venezuela,2016
,,,2016
México ,0:7 (0:2), Chile,2016
,,,2016
Estados Unidos ,0:4 (0:2), Argentina,2016
,,,2016
Colombia ,0:2 (0:2), Chile,2016
,,,2016
Estados Unidos ,0:1 (0:1), Colombia,2016
,,,2016
Argentina ,"0:0 (t. s.)
(2:4 p.)", Chile,2016
,,,2016
,,,2016
Brasil,3:0 (0:0),Bolivia,2019
,,,2019
Venezuela,0:0,Perú,2019
,,,2019
Bolivia,1:3 (1:1),Perú,2019
,,,2019
Brasil,0:0,Venezuela,2019
,,,2019
Perú,0:5 (0:3),Brasil,2019
,,,2019
Bolivia,1:3 (0:1),Venezuela,2019
,,,2019
Argentina,0:2 (0:0),Colombia,2019
,,,2019
Paraguay,2:2 (1:0),Catar,2019
,,,2019
Colombia,1:0 (0:0),Catar,2019
,,,2019
Argentina,1:1 (0:1),Paraguay,2019
,,,2019
Catar,0:2 (0:1),Argentina,2019
,,,2019
Colombia,1:0 (1:0),Paraguay,2019
,,,2019
Uruguay,4:0 (3:0),Ecuador,2019
,,,2019
Japón,0:4 (0:1),Chile,2019
,,,2019
Uruguay,2:2 (1:1),Japón,2019
,,,2019
Ecuador,1:2 (1:1),Chile,2019
,,,2019
Chile,0:1 (0:0),Uruguay,2019
,,,2019
Ecuador,1:1 (1:1),Japón,2019
,,,2019
Brasil,"0:0
(4:3 p.)",Paraguay,2019
,,,2019
,,,2019
Venezuela,0:2 (0:1),Argentina,2019
,,,2019
Colombia,"0:0
(4:5 p.)",Chile,2019
,,,2019
,,,2019
Uruguay,"0:0
(4:5 p.)",Perú,2019
,,,2019
,,,2019
Brasil,2:0 (1:0),Argentina,2019
,,,2019
Chile,0:3 (0:2),Perú,2019
,,,2019
Argentina,2:1 (2:0),Chile,2019
,,,2019
Brasil,3:1 (2:1),Perú,2019
,,,2019
Argentina,1:1 (1:0),Chile,2021
,,,2021
Paraguay,3:1 (0:1),Bolivia,2021
,,,2021
Chile,1:0 (1:0),Bolivia,2021
,,,2021
Argentina,1:0 (1:0),Uruguay,2021
,,,2021
Uruguay,1:1 (0:1),Chile,2021
,,,2021
Argentina,1:0 (1:0),Paraguay,2021
,,,2021
Bolivia,0:2 (0:1),Uruguay,2021
,,,2021
Chile,0:2 (0:1),Paraguay,2021
,,,2021
Bolivia,1:4 (0:3),Argentina,2021
,,,2021
Uruguay,1:0 (1:0),Paraguay,2021
,,,2021
Brasil,3:0 (1:0),Venezuela,2021
,,,2021
Colombia,1:0 (1:0),Ecuador,2021
,,,2021
Colombia,0:0,Venezuela,2021
,,,2021
Brasil,4:0 (1:0),Perú,2021
,,,2021
Venezuela,2:2 (0:1),Ecuador,2021
,,,2021
Colombia,1:2 (0:1),Perú,2021
,,,2021
Ecuador,2:2 (2:0),Perú,2021
,,,2021
Brasil,2:1 (0:1),Colombia,2021
,,,2021
Brasil,1:1 (1:0),Ecuador,2021
,,,2021
Venezuela,0:1 (0:0),Perú,2021
,,,2021
Perú,"3:3 (2:1)
(4:3 p.)",Paraguay,2021
,,,2021
,,,2021
Brasil,1:0 (0:0),Chile,2021
,,,2021
Uruguay,"0:0
(2:4 p.)",Colombia,2021
,,,2021
,,,2021
Argentina,3:0 (1:0),Ecuador,2021
,,,2021
Brasil,1:0 (1:0),Perú,2021
,,,2021
Argentina,"1:1 (1:0)
(3:2 p.)",Colombia,2021
,,,2021
,,,2021
Colombia,3:2 (0:1),Perú,2021
,,,2021
Argentina,1:0 (1:0),Brasil,2021
,,,2021
